dteday,cnt,year,month,day,lag1,lag2,roll_mean,roll_max,expand_max
2011-01-01,985,2011,1,1,,,,,985.0
2011-01-02,801,2011,1,2,2011-01-01,,893.0,,985.0
2011-01-03,1349,2011,1,3,2011-01-02,,1075.0,1349.0,1349.0
2011-01-04,1562,2011,1,4,2011-01-03,,1455.5,1562.0,1562.0
2011-01-05,1600,2011,1,5,2011-01-04,,1581.0,1600.0,1600.0
2011-01-06,1606,2011,1,6,2011-01-05,,1603.0,1606.0,1606.0
2011-01-07,1510,2011,1,7,2011-01-06,,1558.0,1606.0,1606.0
2011-01-08,959,2011,1,8,2011-01-07,,1234.5,1606.0,1606.0
2011-01-09,822,2011,1,9,2011-01-08,,890.5,1510.0,1606.0
2011-01-10,1321,2011,1,10,2011-01-09,,1071.5,1321.0,1606.0
2011-01-11,1263,2011,1,11,2011-01-10,,1292.0,1321.0,1606.0
2011-01-12,1162,2011,1,12,2011-01-11,,1212.5,1321.0,1606.0
2011-01-13,1406,2011,1,13,2011-01-12,,1284.0,1406.0,1606.0
2011-01-14,1421,2011,1,14,2011-01-13,,1413.5,1421.0,1606.0
2011-01-15,1248,2011,1,15,2011-01-14,,1334.5,1421.0,1606.0
2011-01-16,1204,2011,1,16,2011-01-15,,1226.0,1421.0,1606.0
2011-01-17,1000,2011,1,17,2011-01-16,,1102.0,1248.0,1606.0
2011-01-18,683,2011,1,18,2011-01-17,,841.5,1204.0,1606.0
2011-01-19,1650,2011,1,19,2011-01-18,,1166.5,1650.0,1650.0
2011-01-20,1927,2011,1,20,2011-01-19,,1788.5,1927.0,1927.0
2011-01-21,1543,2011,1,21,2011-01-20,,1735.0,1927.0,1927.0
2011-01-22,981,2011,1,22,2011-01-21,,1262.0,1927.0,1927.0
2011-01-23,986,2011,1,23,2011-01-22,,983.5,1543.0,1927.0
2011-01-24,1416,2011,1,24,2011-01-23,,1201.0,1416.0,1927.0
2011-01-25,1985,2011,1,25,2011-01-24,,1700.5,1985.0,1985.0
2011-01-26,506,2011,1,26,2011-01-25,,1245.5,1985.0,1985.0
2011-01-27,431,2011,1,27,2011-01-26,,468.5,1985.0,1985.0
2011-01-28,1167,2011,1,28,2011-01-27,,799.0,1167.0,1985.0
2011-01-29,1098,2011,1,29,2011-01-28,,1132.5,1167.0,1985.0
2011-01-30,1096,2011,1,30,2011-01-29,,1097.0,1167.0,1985.0
2011-01-31,1501,2011,1,31,2011-01-30,,1298.5,1501.0,1985.0
2011-02-01,1360,2011,2,1,2011-01-31,,1430.5,1501.0,1985.0
2011-02-02,1526,2011,2,2,2011-02-01,,1443.0,1526.0,1985.0
2011-02-03,1550,2011,2,3,2011-02-02,,1538.0,1550.0,1985.0
2011-02-04,1708,2011,2,4,2011-02-03,,1629.0,1708.0,1985.0
2011-02-05,1005,2011,2,5,2011-02-04,,1356.5,1708.0,1985.0
2011-02-06,1623,2011,2,6,2011-02-05,,1314.0,1708.0,1985.0
2011-02-07,1712,2011,2,7,2011-02-06,,1667.5,1712.0,1985.0
2011-02-08,1530,2011,2,8,2011-02-07,,1621.0,1712.0,1985.0
2011-02-09,1605,2011,2,9,2011-02-08,,1567.5,1712.0,1985.0
2011-02-10,1538,2011,2,10,2011-02-09,,1571.5,1605.0,1985.0
2011-02-11,1746,2011,2,11,2011-02-10,,1642.0,1746.0,1985.0
2011-02-12,1472,2011,2,12,2011-02-11,,1609.0,1746.0,1985.0
2011-02-13,1589,2011,2,13,2011-02-12,,1530.5,1746.0,1985.0
2011-02-14,1913,2011,2,14,2011-02-13,,1751.0,1913.0,1985.0
2011-02-15,1815,2011,2,15,2011-02-14,,1864.0,1913.0,1985.0
2011-02-16,2115,2011,2,16,2011-02-15,,1965.0,2115.0,2115.0
2011-02-17,2475,2011,2,17,2011-02-16,,2295.0,2475.0,2475.0
2011-02-18,2927,2011,2,18,2011-02-17,,2701.0,2927.0,2927.0
2011-02-19,1635,2011,2,19,2011-02-18,,2281.0,2927.0,2927.0
2011-02-20,1812,2011,2,20,2011-02-19,,1723.5,2927.0,2927.0
2011-02-21,1107,2011,2,21,2011-02-20,,1459.5,1812.0,2927.0
2011-02-22,1450,2011,2,22,2011-02-21,,1278.5,1812.0,2927.0
2011-02-23,1917,2011,2,23,2011-02-22,,1683.5,1917.0,2927.0
2011-02-24,1807,2011,2,24,2011-02-23,,1862.0,1917.0,2927.0
2011-02-25,1461,2011,2,25,2011-02-24,,1634.0,1917.0,2927.0
2011-02-26,1969,2011,2,26,2011-02-25,,1715.0,1969.0,2927.0
2011-02-27,2402,2011,2,27,2011-02-26,,2185.5,2402.0,2927.0
2011-02-28,1446,2011,2,28,2011-02-27,,1924.0,2402.0,2927.0
2011-03-01,1851,2011,3,1,2011-02-28,,1648.5,2402.0,2927.0
2011-03-02,2134,2011,3,2,2011-03-01,,1992.5,2134.0,2927.0
2011-03-03,1685,2011,3,3,2011-03-02,,1909.5,2134.0,2927.0
2011-03-04,1944,2011,3,4,2011-03-03,,1814.5,2134.0,2927.0
2011-03-05,2077,2011,3,5,2011-03-04,,2010.5,2077.0,2927.0
2011-03-06,605,2011,3,6,2011-03-05,,1341.0,2077.0,2927.0
2011-03-07,1872,2011,3,7,2011-03-06,,1238.5,2077.0,2927.0
2011-03-08,2133,2011,3,8,2011-03-07,,2002.5,2133.0,2927.0
2011-03-09,1891,2011,3,9,2011-03-08,,2012.0,2133.0,2927.0
2011-03-10,623,2011,3,10,2011-03-09,,1257.0,2133.0,2927.0
2011-03-11,1977,2011,3,11,2011-03-10,,1300.0,1977.0,2927.0
2011-03-12,2132,2011,3,12,2011-03-11,,2054.5,2132.0,2927.0
2011-03-13,2417,2011,3,13,2011-03-12,,2274.5,2417.0,2927.0
2011-03-14,2046,2011,3,14,2011-03-13,,2231.5,2417.0,2927.0
2011-03-15,2056,2011,3,15,2011-03-14,,2051.0,2417.0,2927.0
2011-03-16,2192,2011,3,16,2011-03-15,,2124.0,2192.0,2927.0
2011-03-17,2744,2011,3,17,2011-03-16,,2468.0,2744.0,2927.0
2011-03-18,3239,2011,3,18,2011-03-17,,2991.5,3239.0,3239.0
2011-03-19,3117,2011,3,19,2011-03-18,,3178.0,3239.0,3239.0
2011-03-20,2471,2011,3,20,2011-03-19,,2794.0,3239.0,3239.0
2011-03-21,2077,2011,3,21,2011-03-20,,2274.0,3117.0,3239.0
2011-03-22,2703,2011,3,22,2011-03-21,,2390.0,2703.0,3239.0
2011-03-23,2121,2011,3,23,2011-03-22,,2412.0,2703.0,3239.0
2011-03-24,1865,2011,3,24,2011-03-23,,1993.0,2703.0,3239.0
2011-03-25,2210,2011,3,25,2011-03-24,,2037.5,2210.0,3239.0
2011-03-26,2496,2011,3,26,2011-03-25,,2353.0,2496.0,3239.0
2011-03-27,1693,2011,3,27,2011-03-26,,2094.5,2496.0,3239.0
2011-03-28,2028,2011,3,28,2011-03-27,,1860.5,2496.0,3239.0
2011-03-29,2425,2011,3,29,2011-03-28,,2226.5,2425.0,3239.0
2011-03-30,1536,2011,3,30,2011-03-29,,1980.5,2425.0,3239.0
2011-03-31,1685,2011,3,31,2011-03-30,,1610.5,2425.0,3239.0
2011-04-01,2227,2011,4,1,2011-03-31,,1956.0,2227.0,3239.0
2011-04-02,2252,2011,4,2,2011-04-01,,2239.5,2252.0,3239.0
2011-04-03,3249,2011,4,3,2011-04-02,,2750.5,3249.0,3249.0
2011-04-04,3115,2011,4,4,2011-04-03,,3182.0,3249.0,3249.0
2011-04-05,1795,2011,4,5,2011-04-04,,2455.0,3249.0,3249.0
2011-04-06,2808,2011,4,6,2011-04-05,,2301.5,3115.0,3249.0
2011-04-07,3141,2011,4,7,2011-04-06,,2974.5,3141.0,3249.0
2011-04-08,1471,2011,4,8,2011-04-07,,2306.0,3141.0,3249.0
2011-04-09,2455,2011,4,9,2011-04-08,,1963.0,3141.0,3249.0
2011-04-10,2895,2011,4,10,2011-04-09,,2675.0,2895.0,3249.0
2011-04-11,3348,2011,4,11,2011-04-10,,3121.5,3348.0,3348.0
2011-04-12,2034,2011,4,12,2011-04-11,,2691.0,3348.0,3348.0
2011-04-13,2162,2011,4,13,2011-04-12,,2098.0,3348.0,3348.0
2011-04-14,3267,2011,4,14,2011-04-13,,2714.5,3267.0,3348.0
2011-04-15,3126,2011,4,15,2011-04-14,,3196.5,3267.0,3348.0
2011-04-16,795,2011,4,16,2011-04-15,,1960.5,3267.0,3348.0
2011-04-17,3744,2011,4,17,2011-04-16,,2269.5,3744.0,3744.0
2011-04-18,3429,2011,4,18,2011-04-17,,3586.5,3744.0,3744.0
2011-04-19,3204,2011,4,19,2011-04-18,,3316.5,3744.0,3744.0
2011-04-20,3944,2011,4,20,2011-04-19,,3574.0,3944.0,3944.0
2011-04-21,4189,2011,4,21,2011-04-20,,4066.5,4189.0,4189.0
2011-04-22,1683,2011,4,22,2011-04-21,,2936.0,4189.0,4189.0
2011-04-23,4036,2011,4,23,2011-04-22,,2859.5,4189.0,4189.0
2011-04-24,4191,2011,4,24,2011-04-23,,4113.5,4191.0,4191.0
2011-04-25,4073,2011,4,25,2011-04-24,,4132.0,4191.0,4191.0
2011-04-26,4400,2011,4,26,2011-04-25,,4236.5,4400.0,4400.0
2011-04-27,3872,2011,4,27,2011-04-26,,4136.0,4400.0,4400.0
2011-04-28,4058,2011,4,28,2011-04-27,,3965.0,4400.0,4400.0
2011-04-29,4595,2011,4,29,2011-04-28,,4326.5,4595.0,4595.0
2011-04-30,5312,2011,4,30,2011-04-29,,4953.5,5312.0,5312.0
2011-05-01,3351,2011,5,1,2011-04-30,,4331.5,5312.0,5312.0
2011-05-02,4401,2011,5,2,2011-05-01,,3876.0,5312.0,5312.0
2011-05-03,4451,2011,5,3,2011-05-02,,4426.0,4451.0,5312.0
2011-05-04,2633,2011,5,4,2011-05-03,,3542.0,4451.0,5312.0
2011-05-05,4433,2011,5,5,2011-05-04,,3533.0,4451.0,5312.0
2011-05-06,4608,2011,5,6,2011-05-05,,4520.5,4608.0,5312.0
2011-05-07,4714,2011,5,7,2011-05-06,,4661.0,4714.0,5312.0
2011-05-08,4333,2011,5,8,2011-05-07,,4523.5,4714.0,5312.0
2011-05-09,4362,2011,5,9,2011-05-08,,4347.5,4714.0,5312.0
2011-05-10,4803,2011,5,10,2011-05-09,,4582.5,4803.0,5312.0
2011-05-11,4182,2011,5,11,2011-05-10,,4492.5,4803.0,5312.0
2011-05-12,4864,2011,5,12,2011-05-11,,4523.0,4864.0,5312.0
2011-05-13,4105,2011,5,13,2011-05-12,,4484.5,4864.0,5312.0
2011-05-14,3409,2011,5,14,2011-05-13,,3757.0,4864.0,5312.0
2011-05-15,4553,2011,5,15,2011-05-14,,3981.0,4553.0,5312.0
2011-05-16,3958,2011,5,16,2011-05-15,,4255.5,4553.0,5312.0
2011-05-17,4123,2011,5,17,2011-05-16,,4040.5,4553.0,5312.0
2011-05-18,3855,2011,5,18,2011-05-17,,3989.0,4123.0,5312.0
2011-05-19,4575,2011,5,19,2011-05-18,,4215.0,4575.0,5312.0
2011-05-20,4917,2011,5,20,2011-05-19,,4746.0,4917.0,5312.0
2011-05-21,5805,2011,5,21,2011-05-20,,5361.0,5805.0,5805.0
2011-05-22,4660,2011,5,22,2011-05-21,,5232.5,5805.0,5805.0
2011-05-23,4274,2011,5,23,2011-05-22,,4467.0,5805.0,5805.0
2011-05-24,4492,2011,5,24,2011-05-23,,4383.0,4660.0,5805.0
2011-05-25,4978,2011,5,25,2011-05-24,,4735.0,4978.0,5805.0
2011-05-26,4677,2011,5,26,2011-05-25,,4827.5,4978.0,5805.0
2011-05-27,4679,2011,5,27,2011-05-26,,4678.0,4978.0,5805.0
2011-05-28,4758,2011,5,28,2011-05-27,,4718.5,4758.0,5805.0
2011-05-29,4788,2011,5,29,2011-05-28,,4773.0,4788.0,5805.0
2011-05-30,4098,2011,5,30,2011-05-29,,4443.0,4788.0,5805.0
2011-05-31,3982,2011,5,31,2011-05-30,,4040.0,4788.0,5805.0
2011-06-01,3974,2011,6,1,2011-05-31,,3978.0,4098.0,5805.0
2011-06-02,4968,2011,6,2,2011-06-01,,4471.0,4968.0,5805.0
2011-06-03,5312,2011,6,3,2011-06-02,,5140.0,5312.0,5805.0
2011-06-04,5342,2011,6,4,2011-06-03,,5327.0,5342.0,5805.0
2011-06-05,4906,2011,6,5,2011-06-04,,5124.0,5342.0,5805.0
2011-06-06,4548,2011,6,6,2011-06-05,,4727.0,5342.0,5805.0
2011-06-07,4833,2011,6,7,2011-06-06,,4690.5,4906.0,5805.0
2011-06-08,4401,2011,6,8,2011-06-07,,4617.0,4833.0,5805.0
2011-06-09,3915,2011,6,9,2011-06-08,,4158.0,4833.0,5805.0
2011-06-10,4586,2011,6,10,2011-06-09,,4250.5,4586.0,5805.0
2011-06-11,4966,2011,6,11,2011-06-10,,4776.0,4966.0,5805.0
2011-06-12,4460,2011,6,12,2011-06-11,,4713.0,4966.0,5805.0
2011-06-13,5020,2011,6,13,2011-06-12,,4740.0,5020.0,5805.0
2011-06-14,4891,2011,6,14,2011-06-13,,4955.5,5020.0,5805.0
2011-06-15,5180,2011,6,15,2011-06-14,,5035.5,5180.0,5805.0
2011-06-16,3767,2011,6,16,2011-06-15,,4473.5,5180.0,5805.0
2011-06-17,4844,2011,6,17,2011-06-16,,4305.5,5180.0,5805.0
2011-06-18,5119,2011,6,18,2011-06-17,,4981.5,5119.0,5805.0
2011-06-19,4744,2011,6,19,2011-06-18,,4931.5,5119.0,5805.0
2011-06-20,4010,2011,6,20,2011-06-19,,4377.0,5119.0,5805.0
2011-06-21,4835,2011,6,21,2011-06-20,,4422.5,4835.0,5805.0
2011-06-22,4507,2011,6,22,2011-06-21,,4671.0,4835.0,5805.0
2011-06-23,4790,2011,6,23,2011-06-22,,4648.5,4835.0,5805.0
2011-06-24,4991,2011,6,24,2011-06-23,,4890.5,4991.0,5805.0
2011-06-25,5202,2011,6,25,2011-06-24,,5096.5,5202.0,5805.0
2011-06-26,5305,2011,6,26,2011-06-25,,5253.5,5305.0,5805.0
2011-06-27,4708,2011,6,27,2011-06-26,,5006.5,5305.0,5805.0
2011-06-28,4648,2011,6,28,2011-06-27,,4678.0,5305.0,5805.0
2011-06-29,5225,2011,6,29,2011-06-28,,4936.5,5225.0,5805.0
2011-06-30,5515,2011,6,30,2011-06-29,,5370.0,5515.0,5805.0
2011-07-01,5362,2011,7,1,2011-06-30,,5438.5,5515.0,5805.0
2011-07-02,5119,2011,7,2,2011-07-01,,5240.5,5515.0,5805.0
2011-07-03,4649,2011,7,3,2011-07-02,,4884.0,5362.0,5805.0
2011-07-04,6043,2011,7,4,2011-07-03,,5346.0,6043.0,6043.0
2011-07-05,4665,2011,7,5,2011-07-04,,5354.0,6043.0,6043.0
2011-07-06,4629,2011,7,6,2011-07-05,,4647.0,6043.0,6043.0
2011-07-07,4592,2011,7,7,2011-07-06,,4610.5,4665.0,6043.0
2011-07-08,4040,2011,7,8,2011-07-07,,4316.0,4629.0,6043.0
2011-07-09,5336,2011,7,9,2011-07-08,,4688.0,5336.0,6043.0
2011-07-10,4881,2011,7,10,2011-07-09,,5108.5,5336.0,6043.0
2011-07-11,4086,2011,7,11,2011-07-10,,4483.5,5336.0,6043.0
2011-07-12,4258,2011,7,12,2011-07-11,,4172.0,4881.0,6043.0
2011-07-13,4342,2011,7,13,2011-07-12,,4300.0,4342.0,6043.0
2011-07-14,5084,2011,7,14,2011-07-13,,4713.0,5084.0,6043.0
2011-07-15,5538,2011,7,15,2011-07-14,,5311.0,5538.0,6043.0
2011-07-16,5923,2011,7,16,2011-07-15,,5730.5,5923.0,6043.0
2011-07-17,5302,2011,7,17,2011-07-16,,5612.5,5923.0,6043.0
2011-07-18,4458,2011,7,18,2011-07-17,,4880.0,5923.0,6043.0
2011-07-19,4541,2011,7,19,2011-07-18,,4499.5,5302.0,6043.0
2011-07-20,4332,2011,7,20,2011-07-19,,4436.5,4541.0,6043.0
2011-07-21,3784,2011,7,21,2011-07-20,,4058.0,4541.0,6043.0
2011-07-22,3387,2011,7,22,2011-07-21,,3585.5,4332.0,6043.0
2011-07-23,3285,2011,7,23,2011-07-22,,3336.0,3784.0,6043.0
2011-07-24,3606,2011,7,24,2011-07-23,,3445.5,3606.0,6043.0
2011-07-25,3840,2011,7,25,2011-07-24,,3723.0,3840.0,6043.0
2011-07-26,4590,2011,7,26,2011-07-25,,4215.0,4590.0,6043.0
2011-07-27,4656,2011,7,27,2011-07-26,,4623.0,4656.0,6043.0
2011-07-28,4390,2011,7,28,2011-07-27,,4523.0,4656.0,6043.0
2011-07-29,3846,2011,7,29,2011-07-28,,4118.0,4656.0,6043.0
2011-07-30,4475,2011,7,30,2011-07-29,,4160.5,4475.0,6043.0
2011-07-31,4302,2011,7,31,2011-07-30,,4388.5,4475.0,6043.0
2011-08-01,4266,2011,8,1,2011-07-31,,4284.0,4475.0,6043.0
2011-08-02,4845,2011,8,2,2011-08-01,,4555.5,4845.0,6043.0
2011-08-03,3574,2011,8,3,2011-08-02,,4209.5,4845.0,6043.0
2011-08-04,4576,2011,8,4,2011-08-03,,4075.0,4845.0,6043.0
2011-08-05,4866,2011,8,5,2011-08-04,,4721.0,4866.0,6043.0
2011-08-06,4294,2011,8,6,2011-08-05,,4580.0,4866.0,6043.0
2011-08-07,3785,2011,8,7,2011-08-06,,4039.5,4866.0,6043.0
2011-08-08,4326,2011,8,8,2011-08-07,,4055.5,4326.0,6043.0
2011-08-09,4602,2011,8,9,2011-08-08,,4464.0,4602.0,6043.0
2011-08-10,4780,2011,8,10,2011-08-09,,4691.0,4780.0,6043.0
2011-08-11,4792,2011,8,11,2011-08-10,,4786.0,4792.0,6043.0
2011-08-12,4905,2011,8,12,2011-08-11,,4848.5,4905.0,6043.0
2011-08-13,4150,2011,8,13,2011-08-12,,4527.5,4905.0,6043.0
2011-08-14,3820,2011,8,14,2011-08-13,,3985.0,4905.0,6043.0
2011-08-15,4338,2011,8,15,2011-08-14,,4079.0,4338.0,6043.0
2011-08-16,4725,2011,8,16,2011-08-15,,4531.5,4725.0,6043.0
2011-08-17,4694,2011,8,17,2011-08-16,,4709.5,4725.0,6043.0
2011-08-18,3805,2011,8,18,2011-08-17,,4249.5,4725.0,6043.0
2011-08-19,4153,2011,8,19,2011-08-18,,3979.0,4694.0,6043.0
2011-08-20,5191,2011,8,20,2011-08-19,,4672.0,5191.0,6043.0
2011-08-21,3873,2011,8,21,2011-08-20,,4532.0,5191.0,6043.0
2011-08-22,4758,2011,8,22,2011-08-21,,4315.5,5191.0,6043.0
2011-08-23,5895,2011,8,23,2011-08-22,,5326.5,5895.0,6043.0
2011-08-24,5130,2011,8,24,2011-08-23,,5512.5,5895.0,6043.0
2011-08-25,3542,2011,8,25,2011-08-24,,4336.0,5895.0,6043.0
2011-08-26,4661,2011,8,26,2011-08-25,,4101.5,5130.0,6043.0
2011-08-27,1115,2011,8,27,2011-08-26,,2888.0,4661.0,6043.0
2011-08-28,4334,2011,8,28,2011-08-27,,2724.5,4661.0,6043.0
2011-08-29,4634,2011,8,29,2011-08-28,,4484.0,4634.0,6043.0
2011-08-30,5204,2011,8,30,2011-08-29,,4919.0,5204.0,6043.0
2011-08-31,5058,2011,8,31,2011-08-30,,5131.0,5204.0,6043.0
2011-09-01,5115,2011,9,1,2011-08-31,,5086.5,5204.0,6043.0
2011-09-02,4727,2011,9,2,2011-09-01,,4921.0,5115.0,6043.0
2011-09-03,4484,2011,9,3,2011-09-02,,4605.5,5115.0,6043.0
2011-09-04,4940,2011,9,4,2011-09-03,,4712.0,4940.0,6043.0
2011-09-05,3351,2011,9,5,2011-09-04,,4145.5,4940.0,6043.0
2011-09-06,2710,2011,9,6,2011-09-05,,3030.5,4940.0,6043.0
2011-09-07,1996,2011,9,7,2011-09-06,,2353.0,3351.0,6043.0
2011-09-08,1842,2011,9,8,2011-09-07,,1919.0,2710.0,6043.0
2011-09-09,3544,2011,9,9,2011-09-08,,2693.0,3544.0,6043.0
2011-09-10,5345,2011,9,10,2011-09-09,,4444.5,5345.0,6043.0
2011-09-11,5046,2011,9,11,2011-09-10,,5195.5,5345.0,6043.0
2011-09-12,4713,2011,9,12,2011-09-11,,4879.5,5345.0,6043.0
2011-09-13,4763,2011,9,13,2011-09-12,,4738.0,5046.0,6043.0
2011-09-14,4785,2011,9,14,2011-09-13,,4774.0,4785.0,6043.0
2011-09-15,3659,2011,9,15,2011-09-14,,4222.0,4785.0,6043.0
2011-09-16,4760,2011,9,16,2011-09-15,,4209.5,4785.0,6043.0
2011-09-17,4511,2011,9,17,2011-09-16,,4635.5,4760.0,6043.0
2011-09-18,4274,2011,9,18,2011-09-17,,4392.5,4760.0,6043.0
2011-09-19,4539,2011,9,19,2011-09-18,,4406.5,4539.0,6043.0
2011-09-20,3641,2011,9,20,2011-09-19,,4090.0,4539.0,6043.0
2011-09-21,4352,2011,9,21,2011-09-20,,3996.5,4539.0,6043.0
2011-09-22,4795,2011,9,22,2011-09-21,,4573.5,4795.0,6043.0
2011-09-23,2395,2011,9,23,2011-09-22,,3595.0,4795.0,6043.0
2011-09-24,5423,2011,9,24,2011-09-23,,3909.0,5423.0,6043.0
2011-09-25,5010,2011,9,25,2011-09-24,,5216.5,5423.0,6043.0
2011-09-26,4630,2011,9,26,2011-09-25,,4820.0,5423.0,6043.0
2011-09-27,4120,2011,9,27,2011-09-26,,4375.0,5010.0,6043.0
2011-09-28,3907,2011,9,28,2011-09-27,,4013.5,4630.0,6043.0
2011-09-29,4839,2011,9,29,2011-09-28,,4373.0,4839.0,6043.0
2011-09-30,5202,2011,9,30,2011-09-29,,5020.5,5202.0,6043.0
2011-10-01,2429,2011,10,1,2011-09-30,,3815.5,5202.0,6043.0
2011-10-02,2918,2011,10,2,2011-10-01,,2673.5,5202.0,6043.0
2011-10-03,3570,2011,10,3,2011-10-02,,3244.0,3570.0,6043.0
2011-10-04,4456,2011,10,4,2011-10-03,,4013.0,4456.0,6043.0
2011-10-05,4826,2011,10,5,2011-10-04,,4641.0,4826.0,6043.0
2011-10-06,4765,2011,10,6,2011-10-05,,4795.5,4826.0,6043.0
2011-10-07,4985,2011,10,7,2011-10-06,,4875.0,4985.0,6043.0
2011-10-08,5409,2011,10,8,2011-10-07,,5197.0,5409.0,6043.0
2011-10-09,5511,2011,10,9,2011-10-08,,5460.0,5511.0,6043.0
2011-10-10,5117,2011,10,10,2011-10-09,,5314.0,5511.0,6043.0
2011-10-11,4563,2011,10,11,2011-10-10,,4840.0,5511.0,6043.0
2011-10-12,2416,2011,10,12,2011-10-11,,3489.5,5117.0,6043.0
2011-10-13,2913,2011,10,13,2011-10-12,,2664.5,4563.0,6043.0
2011-10-14,3644,2011,10,14,2011-10-13,,3278.5,3644.0,6043.0
2011-10-15,5217,2011,10,15,2011-10-14,,4430.5,5217.0,6043.0
2011-10-16,5041,2011,10,16,2011-10-15,,5129.0,5217.0,6043.0
2011-10-17,4570,2011,10,17,2011-10-16,,4805.5,5217.0,6043.0
2011-10-18,4748,2011,10,18,2011-10-17,,4659.0,5041.0,6043.0
2011-10-19,2424,2011,10,19,2011-10-18,,3586.0,4748.0,6043.0
2011-10-20,4195,2011,10,20,2011-10-19,,3309.5,4748.0,6043.0
2011-10-21,4304,2011,10,21,2011-10-20,,4249.5,4304.0,6043.0
2011-10-22,4308,2011,10,22,2011-10-21,,4306.0,4308.0,6043.0
2011-10-23,4381,2011,10,23,2011-10-22,,4344.5,4381.0,6043.0
2011-10-24,4187,2011,10,24,2011-10-23,,4284.0,4381.0,6043.0
2011-10-25,4687,2011,10,25,2011-10-24,,4437.0,4687.0,6043.0
2011-10-26,3894,2011,10,26,2011-10-25,,4290.5,4687.0,6043.0
2011-10-27,2659,2011,10,27,2011-10-26,,3276.5,4687.0,6043.0
2011-10-28,3747,2011,10,28,2011-10-27,,3203.0,3894.0,6043.0
2011-10-29,627,2011,10,29,2011-10-28,,2187.0,3747.0,6043.0
2011-10-30,3331,2011,10,30,2011-10-29,,1979.0,3747.0,6043.0
2011-10-31,3669,2011,10,31,2011-10-30,,3500.0,3669.0,6043.0
2011-11-01,4068,2011,11,1,2011-10-31,,3868.5,4068.0,6043.0
2011-11-02,4186,2011,11,2,2011-11-01,,4127.0,4186.0,6043.0
2011-11-03,3974,2011,11,3,2011-11-02,,4080.0,4186.0,6043.0
2011-11-04,4046,2011,11,4,2011-11-03,,4010.0,4186.0,6043.0
2011-11-05,3926,2011,11,5,2011-11-04,,3986.0,4046.0,6043.0
2011-11-06,3649,2011,11,6,2011-11-05,,3787.5,4046.0,6043.0
2011-11-07,4035,2011,11,7,2011-11-06,,3842.0,4035.0,6043.0
2011-11-08,4205,2011,11,8,2011-11-07,,4120.0,4205.0,6043.0
2011-11-09,4109,2011,11,9,2011-11-08,,4157.0,4205.0,6043.0
2011-11-10,2933,2011,11,10,2011-11-09,,3521.0,4205.0,6043.0
2011-11-11,3368,2011,11,11,2011-11-10,,3150.5,4109.0,6043.0
2011-11-12,4067,2011,11,12,2011-11-11,,3717.5,4067.0,6043.0
2011-11-13,3717,2011,11,13,2011-11-12,,3892.0,4067.0,6043.0
2011-11-14,4486,2011,11,14,2011-11-13,,4101.5,4486.0,6043.0
2011-11-15,4195,2011,11,15,2011-11-14,,4340.5,4486.0,6043.0
2011-11-16,1817,2011,11,16,2011-11-15,,3006.0,4486.0,6043.0
2011-11-17,3053,2011,11,17,2011-11-16,,2435.0,4195.0,6043.0
2011-11-18,3392,2011,11,18,2011-11-17,,3222.5,3392.0,6043.0
2011-11-19,3663,2011,11,19,2011-11-18,,3527.5,3663.0,6043.0
2011-11-20,3520,2011,11,20,2011-11-19,,3591.5,3663.0,6043.0
2011-11-21,2765,2011,11,21,2011-11-20,,3142.5,3663.0,6043.0
2011-11-22,1607,2011,11,22,2011-11-21,,2186.0,3520.0,6043.0
2011-11-23,2566,2011,11,23,2011-11-22,,2086.5,2765.0,6043.0
2011-11-24,1495,2011,11,24,2011-11-23,,2030.5,2566.0,6043.0
2011-11-25,2792,2011,11,25,2011-11-24,,2143.5,2792.0,6043.0
2011-11-26,3068,2011,11,26,2011-11-25,,2930.0,3068.0,6043.0
2011-11-27,3071,2011,11,27,2011-11-26,,3069.5,3071.0,6043.0
2011-11-28,3867,2011,11,28,2011-11-27,,3469.0,3867.0,6043.0
2011-11-29,2914,2011,11,29,2011-11-28,,3390.5,3867.0,6043.0
2011-11-30,3613,2011,11,30,2011-11-29,,3263.5,3867.0,6043.0
2011-12-01,3727,2011,12,1,2011-11-30,,3670.0,3727.0,6043.0
2011-12-02,3940,2011,12,2,2011-12-01,,3833.5,3940.0,6043.0
2011-12-03,3614,2011,12,3,2011-12-02,,3777.0,3940.0,6043.0
2011-12-04,3485,2011,12,4,2011-12-03,,3549.5,3940.0,6043.0
2011-12-05,3811,2011,12,5,2011-12-04,,3648.0,3811.0,6043.0
2011-12-06,2594,2011,12,6,2011-12-05,,3202.5,3811.0,6043.0
2011-12-07,705,2011,12,7,2011-12-06,,1649.5,3811.0,6043.0
2011-12-08,3322,2011,12,8,2011-12-07,,2013.5,3322.0,6043.0
2011-12-09,3620,2011,12,9,2011-12-08,,3471.0,3620.0,6043.0
2011-12-10,3190,2011,12,10,2011-12-09,,3405.0,3620.0,6043.0
2011-12-11,2743,2011,12,11,2011-12-10,,2966.5,3620.0,6043.0
2011-12-12,3310,2011,12,12,2011-12-11,,3026.5,3310.0,6043.0
2011-12-13,3523,2011,12,13,2011-12-12,,3416.5,3523.0,6043.0
2011-12-14,3740,2011,12,14,2011-12-13,,3631.5,3740.0,6043.0
2011-12-15,3709,2011,12,15,2011-12-14,,3724.5,3740.0,6043.0
2011-12-16,3577,2011,12,16,2011-12-15,,3643.0,3740.0,6043.0
2011-12-17,2739,2011,12,17,2011-12-16,,3158.0,3709.0,6043.0
2011-12-18,2431,2011,12,18,2011-12-17,,2585.0,3577.0,6043.0
2011-12-19,3403,2011,12,19,2011-12-18,,2917.0,3403.0,6043.0
2011-12-20,3750,2011,12,20,2011-12-19,,3576.5,3750.0,6043.0
2011-12-21,2660,2011,12,21,2011-12-20,,3205.0,3750.0,6043.0
2011-12-22,3068,2011,12,22,2011-12-21,,2864.0,3750.0,6043.0
2011-12-23,2209,2011,12,23,2011-12-22,,2638.5,3068.0,6043.0
2011-12-24,1011,2011,12,24,2011-12-23,,1610.0,3068.0,6043.0
2011-12-25,754,2011,12,25,2011-12-24,,882.5,2209.0,6043.0
2011-12-26,1317,2011,12,26,2011-12-25,,1035.5,1317.0,6043.0
2011-12-27,1162,2011,12,27,2011-12-26,,1239.5,1317.0,6043.0
2011-12-28,2302,2011,12,28,2011-12-27,,1732.0,2302.0,6043.0
2011-12-29,2423,2011,12,29,2011-12-28,,2362.5,2423.0,6043.0
2011-12-30,2999,2011,12,30,2011-12-29,,2711.0,2999.0,6043.0
2011-12-31,2485,2011,12,31,2011-12-30,,2742.0,2999.0,6043.0
2012-01-01,2294,2012,1,1,2011-12-31,2011-01-01,2389.5,2999.0,6043.0
2012-01-02,1951,2012,1,2,2012-01-01,2011-01-02,2122.5,2485.0,6043.0
2012-01-03,2236,2012,1,3,2012-01-02,2011-01-03,2093.5,2294.0,6043.0
2012-01-04,2368,2012,1,4,2012-01-03,2011-01-04,2302.0,2368.0,6043.0
2012-01-05,3272,2012,1,5,2012-01-04,2011-01-05,2820.0,3272.0,6043.0
2012-01-06,4098,2012,1,6,2012-01-05,2011-01-06,3685.0,4098.0,6043.0
2012-01-07,4521,2012,1,7,2012-01-06,2011-01-07,4309.5,4521.0,6043.0
2012-01-08,3425,2012,1,8,2012-01-07,2011-01-08,3973.0,4521.0,6043.0
2012-01-09,2376,2012,1,9,2012-01-08,2011-01-09,2900.5,4521.0,6043.0
2012-01-10,3598,2012,1,10,2012-01-09,2011-01-10,2987.0,3598.0,6043.0
2012-01-11,2177,2012,1,11,2012-01-10,2011-01-11,2887.5,3598.0,6043.0
2012-01-12,4097,2012,1,12,2012-01-11,2011-01-12,3137.0,4097.0,6043.0
2012-01-13,3214,2012,1,13,2012-01-12,2011-01-13,3655.5,4097.0,6043.0
2012-01-14,2493,2012,1,14,2012-01-13,2011-01-14,2853.5,4097.0,6043.0
2012-01-15,2311,2012,1,15,2012-01-14,2011-01-15,2402.0,3214.0,6043.0
2012-01-16,2298,2012,1,16,2012-01-15,2011-01-16,2304.5,2493.0,6043.0
2012-01-17,2935,2012,1,17,2012-01-16,2011-01-17,2616.5,2935.0,6043.0
2012-01-18,3376,2012,1,18,2012-01-17,2011-01-18,3155.5,3376.0,6043.0
2012-01-19,3292,2012,1,19,2012-01-18,2011-01-19,3334.0,3376.0,6043.0
2012-01-20,3163,2012,1,20,2012-01-19,2011-01-20,3227.5,3376.0,6043.0
2012-01-21,1301,2012,1,21,2012-01-20,2011-01-21,2232.0,3292.0,6043.0
2012-01-22,1977,2012,1,22,2012-01-21,2011-01-22,1639.0,3163.0,6043.0
2012-01-23,2432,2012,1,23,2012-01-22,2011-01-23,2204.5,2432.0,6043.0
2012-01-24,4339,2012,1,24,2012-01-23,2011-01-24,3385.5,4339.0,6043.0
2012-01-25,4270,2012,1,25,2012-01-24,2011-01-25,4304.5,4339.0,6043.0
2012-01-26,4075,2012,1,26,2012-01-25,2011-01-26,4172.5,4339.0,6043.0
2012-01-27,3456,2012,1,27,2012-01-26,2011-01-27,3765.5,4270.0,6043.0
2012-01-28,4023,2012,1,28,2012-01-27,2011-01-28,3739.5,4075.0,6043.0
2012-01-29,3243,2012,1,29,2012-01-28,2011-01-29,3633.0,4023.0,6043.0
2012-01-30,3624,2012,1,30,2012-01-29,2011-01-30,3433.5,4023.0,6043.0
2012-01-31,4509,2012,1,31,2012-01-30,2011-01-31,4066.5,4509.0,6043.0
2012-02-01,4579,2012,2,1,2012-01-31,2011-02-01,4544.0,4579.0,6043.0
2012-02-02,3761,2012,2,2,2012-02-01,2011-02-02,4170.0,4579.0,6043.0
2012-02-03,4151,2012,2,3,2012-02-02,2011-02-03,3956.0,4579.0,6043.0
2012-02-04,2832,2012,2,4,2012-02-03,2011-02-04,3491.5,4151.0,6043.0
2012-02-05,2947,2012,2,5,2012-02-04,2011-02-05,2889.5,4151.0,6043.0
2012-02-06,3784,2012,2,6,2012-02-05,2011-02-06,3365.5,3784.0,6043.0
2012-02-07,4375,2012,2,7,2012-02-06,2011-02-07,4079.5,4375.0,6043.0
2012-02-08,2802,2012,2,8,2012-02-07,2011-02-08,3588.5,4375.0,6043.0
2012-02-09,3830,2012,2,9,2012-02-08,2011-02-09,3316.0,4375.0,6043.0
2012-02-10,3831,2012,2,10,2012-02-09,2011-02-10,3830.5,3831.0,6043.0
2012-02-11,2169,2012,2,11,2012-02-10,2011-02-11,3000.0,3831.0,6043.0
2012-02-12,1529,2012,2,12,2012-02-11,2011-02-12,1849.0,3831.0,6043.0
2012-02-13,3422,2012,2,13,2012-02-12,2011-02-13,2475.5,3422.0,6043.0
2012-02-14,3922,2012,2,14,2012-02-13,2011-02-14,3672.0,3922.0,6043.0
2012-02-15,4169,2012,2,15,2012-02-14,2011-02-15,4045.5,4169.0,6043.0
2012-02-16,3005,2012,2,16,2012-02-15,2011-02-16,3587.0,4169.0,6043.0
2012-02-17,4154,2012,2,17,2012-02-16,2011-02-17,3579.5,4169.0,6043.0
2012-02-18,4318,2012,2,18,2012-02-17,2011-02-18,4236.0,4318.0,6043.0
2012-02-19,2689,2012,2,19,2012-02-18,2011-02-19,3503.5,4318.0,6043.0
2012-02-20,3129,2012,2,20,2012-02-19,2011-02-20,2909.0,4318.0,6043.0
2012-02-21,3777,2012,2,21,2012-02-20,2011-02-21,3453.0,3777.0,6043.0
2012-02-22,4773,2012,2,22,2012-02-21,2011-02-22,4275.0,4773.0,6043.0
2012-02-23,5062,2012,2,23,2012-02-22,2011-02-23,4917.5,5062.0,6043.0
2012-02-24,3487,2012,2,24,2012-02-23,2011-02-24,4274.5,5062.0,6043.0
2012-02-25,2732,2012,2,25,2012-02-24,2011-02-25,3109.5,5062.0,6043.0
2012-02-26,3389,2012,2,26,2012-02-25,2011-02-26,3060.5,3487.0,6043.0
2012-02-27,4322,2012,2,27,2012-02-26,2011-02-27,3855.5,4322.0,6043.0
2012-02-28,4363,2012,2,28,2012-02-27,2011-02-28,4342.5,4363.0,6043.0
2012-02-29,1834,2012,2,29,2012-02-28,2011-03-01,3098.5,4363.0,6043.0
2012-03-01,4990,2012,3,1,2012-02-29,2011-03-02,3412.0,4990.0,6043.0
2012-03-02,3194,2012,3,2,2012-03-01,2011-03-03,4092.0,4990.0,6043.0
2012-03-03,4066,2012,3,3,2012-03-02,2011-03-04,3630.0,4990.0,6043.0
2012-03-04,3423,2012,3,4,2012-03-03,2011-03-05,3744.5,4066.0,6043.0
2012-03-05,3333,2012,3,5,2012-03-04,2011-03-06,3378.0,4066.0,6043.0
2012-03-06,3956,2012,3,6,2012-03-05,2011-03-07,3644.5,3956.0,6043.0
2012-03-07,4916,2012,3,7,2012-03-06,2011-03-08,4436.0,4916.0,6043.0
2012-03-08,5382,2012,3,8,2012-03-07,2011-03-09,5149.0,5382.0,6043.0
2012-03-09,4569,2012,3,9,2012-03-08,2011-03-10,4975.5,5382.0,6043.0
2012-03-10,4118,2012,3,10,2012-03-09,2011-03-11,4343.5,5382.0,6043.0
2012-03-11,4911,2012,3,11,2012-03-10,2011-03-12,4514.5,4911.0,6043.0
2012-03-12,5298,2012,3,12,2012-03-11,2011-03-13,5104.5,5298.0,6043.0
2012-03-13,5847,2012,3,13,2012-03-12,2011-03-14,5572.5,5847.0,6043.0
2012-03-14,6312,2012,3,14,2012-03-13,2011-03-15,6079.5,6312.0,6312.0
2012-03-15,6192,2012,3,15,2012-03-14,2011-03-16,6252.0,6312.0,6312.0
2012-03-16,4378,2012,3,16,2012-03-15,2011-03-17,5285.0,6312.0,6312.0
2012-03-17,7836,2012,3,17,2012-03-16,2011-03-18,6107.0,7836.0,7836.0
2012-03-18,5892,2012,3,18,2012-03-17,2011-03-19,6864.0,7836.0,7836.0
2012-03-19,6153,2012,3,19,2012-03-18,2011-03-20,6022.5,7836.0,7836.0
2012-03-20,6093,2012,3,20,2012-03-19,2011-03-21,6123.0,6153.0,7836.0
2012-03-21,6230,2012,3,21,2012-03-20,2011-03-22,6161.5,6230.0,7836.0
2012-03-22,6871,2012,3,22,2012-03-21,2011-03-23,6550.5,6871.0,7836.0
2012-03-23,8362,2012,3,23,2012-03-22,2011-03-24,7616.5,8362.0,8362.0
2012-03-24,3372,2012,3,24,2012-03-23,2011-03-25,5867.0,8362.0,8362.0
2012-03-25,4996,2012,3,25,2012-03-24,2011-03-26,4184.0,8362.0,8362.0
2012-03-26,5558,2012,3,26,2012-03-25,2011-03-27,5277.0,5558.0,8362.0
2012-03-27,5102,2012,3,27,2012-03-26,2011-03-28,5330.0,5558.0,8362.0
2012-03-28,5698,2012,3,28,2012-03-27,2011-03-29,5400.0,5698.0,8362.0
2012-03-29,6133,2012,3,29,2012-03-28,2011-03-30,5915.5,6133.0,8362.0
2012-03-30,5459,2012,3,30,2012-03-29,2011-03-31,5796.0,6133.0,8362.0
2012-03-31,6235,2012,3,31,2012-03-30,2011-04-01,5847.0,6235.0,8362.0
2012-04-01,6041,2012,4,1,2012-03-31,2011-04-02,6138.0,6235.0,8362.0
2012-04-02,5936,2012,4,2,2012-04-01,2011-04-03,5988.5,6235.0,8362.0
2012-04-03,6772,2012,4,3,2012-04-02,2011-04-04,6354.0,6772.0,8362.0
2012-04-04,6436,2012,4,4,2012-04-03,2011-04-05,6604.0,6772.0,8362.0
2012-04-05,6457,2012,4,5,2012-04-04,2011-04-06,6446.5,6772.0,8362.0
2012-04-06,6460,2012,4,6,2012-04-05,2011-04-07,6458.5,6460.0,8362.0
2012-04-07,6857,2012,4,7,2012-04-06,2011-04-08,6658.5,6857.0,8362.0
2012-04-08,5169,2012,4,8,2012-04-07,2011-04-09,6013.0,6857.0,8362.0
2012-04-09,5585,2012,4,9,2012-04-08,2011-04-10,5377.0,6857.0,8362.0
2012-04-10,5918,2012,4,10,2012-04-09,2011-04-11,5751.5,5918.0,8362.0
2012-04-11,4862,2012,4,11,2012-04-10,2011-04-12,5390.0,5918.0,8362.0
2012-04-12,5409,2012,4,12,2012-04-11,2011-04-13,5135.5,5918.0,8362.0
2012-04-13,6398,2012,4,13,2012-04-12,2011-04-14,5903.5,6398.0,8362.0
2012-04-14,7460,2012,4,14,2012-04-13,2011-04-15,6929.0,7460.0,8362.0
2012-04-15,7132,2012,4,15,2012-04-14,2011-04-16,7296.0,7460.0,8362.0
2012-04-16,6370,2012,4,16,2012-04-15,2011-04-17,6751.0,7460.0,8362.0
2012-04-17,6691,2012,4,17,2012-04-16,2011-04-18,6530.5,7132.0,8362.0
2012-04-18,4367,2012,4,18,2012-04-17,2011-04-19,5529.0,6691.0,8362.0
2012-04-19,6565,2012,4,19,2012-04-18,2011-04-20,5466.0,6691.0,8362.0
2012-04-20,7290,2012,4,20,2012-04-19,2011-04-21,6927.5,7290.0,8362.0
2012-04-21,6624,2012,4,21,2012-04-20,2011-04-22,6957.0,7290.0,8362.0
2012-04-22,1027,2012,4,22,2012-04-21,2011-04-23,3825.5,7290.0,8362.0
2012-04-23,3214,2012,4,23,2012-04-22,2011-04-24,2120.5,6624.0,8362.0
2012-04-24,5633,2012,4,24,2012-04-23,2011-04-25,4423.5,5633.0,8362.0
2012-04-25,6196,2012,4,25,2012-04-24,2011-04-26,5914.5,6196.0,8362.0
2012-04-26,5026,2012,4,26,2012-04-25,2011-04-27,5611.0,6196.0,8362.0
2012-04-27,6233,2012,4,27,2012-04-26,2011-04-28,5629.5,6233.0,8362.0
2012-04-28,4220,2012,4,28,2012-04-27,2011-04-29,5226.5,6233.0,8362.0
2012-04-29,6304,2012,4,29,2012-04-28,2011-04-30,5262.0,6304.0,8362.0
2012-04-30,5572,2012,4,30,2012-04-29,2011-05-01,5938.0,6304.0,8362.0
2012-05-01,5740,2012,5,1,2012-04-30,2011-05-02,5656.0,6304.0,8362.0
2012-05-02,6169,2012,5,2,2012-05-01,2011-05-03,5954.5,6169.0,8362.0
2012-05-03,6421,2012,5,3,2012-05-02,2011-05-04,6295.0,6421.0,8362.0
2012-05-04,6296,2012,5,4,2012-05-03,2011-05-05,6358.5,6421.0,8362.0
2012-05-05,6883,2012,5,5,2012-05-04,2011-05-06,6589.5,6883.0,8362.0
2012-05-06,6359,2012,5,6,2012-05-05,2011-05-07,6621.0,6883.0,8362.0
2012-05-07,6273,2012,5,7,2012-05-06,2011-05-08,6316.0,6883.0,8362.0
2012-05-08,5728,2012,5,8,2012-05-07,2011-05-09,6000.5,6359.0,8362.0
2012-05-09,4717,2012,5,9,2012-05-08,2011-05-10,5222.5,6273.0,8362.0
2012-05-10,6572,2012,5,10,2012-05-09,2011-05-11,5644.5,6572.0,8362.0
2012-05-11,7030,2012,5,11,2012-05-10,2011-05-12,6801.0,7030.0,8362.0
2012-05-12,7429,2012,5,12,2012-05-11,2011-05-13,7229.5,7429.0,8362.0
2012-05-13,6118,2012,5,13,2012-05-12,2011-05-14,6773.5,7429.0,8362.0
2012-05-14,2843,2012,5,14,2012-05-13,2011-05-15,4480.5,7429.0,8362.0
2012-05-15,5115,2012,5,15,2012-05-14,2011-05-16,3979.0,6118.0,8362.0
2012-05-16,7424,2012,5,16,2012-05-15,2011-05-17,6269.5,7424.0,8362.0
2012-05-17,7384,2012,5,17,2012-05-16,2011-05-18,7404.0,7424.0,8362.0
2012-05-18,7639,2012,5,18,2012-05-17,2011-05-19,7511.5,7639.0,8362.0
2012-05-19,8294,2012,5,19,2012-05-18,2011-05-20,7966.5,8294.0,8362.0
2012-05-20,7129,2012,5,20,2012-05-19,2011-05-21,7711.5,8294.0,8362.0
2012-05-21,4359,2012,5,21,2012-05-20,2011-05-22,5744.0,8294.0,8362.0
2012-05-22,6073,2012,5,22,2012-05-21,2011-05-23,5216.0,7129.0,8362.0
2012-05-23,5260,2012,5,23,2012-05-22,2011-05-24,5666.5,6073.0,8362.0
2012-05-24,6770,2012,5,24,2012-05-23,2011-05-25,6015.0,6770.0,8362.0
2012-05-25,6734,2012,5,25,2012-05-24,2011-05-26,6752.0,6770.0,8362.0
2012-05-26,6536,2012,5,26,2012-05-25,2011-05-27,6635.0,6770.0,8362.0
2012-05-27,6591,2012,5,27,2012-05-26,2011-05-28,6563.5,6734.0,8362.0
2012-05-28,6043,2012,5,28,2012-05-27,2011-05-29,6317.0,6591.0,8362.0
2012-05-29,5743,2012,5,29,2012-05-28,2011-05-30,5893.0,6591.0,8362.0
2012-05-30,6855,2012,5,30,2012-05-29,2011-05-31,6299.0,6855.0,8362.0
2012-05-31,7338,2012,5,31,2012-05-30,2011-06-01,7096.5,7338.0,8362.0
2012-06-01,4127,2012,6,1,2012-05-31,2011-06-02,5732.5,7338.0,8362.0
2012-06-02,8120,2012,6,2,2012-06-01,2011-06-03,6123.5,8120.0,8362.0
2012-06-03,7641,2012,6,3,2012-06-02,2011-06-04,7880.5,8120.0,8362.0
2012-06-04,6998,2012,6,4,2012-06-03,2011-06-05,7319.5,8120.0,8362.0
2012-06-05,7001,2012,6,5,2012-06-04,2011-06-06,6999.5,7641.0,8362.0
2012-06-06,7055,2012,6,6,2012-06-05,2011-06-07,7028.0,7055.0,8362.0
2012-06-07,7494,2012,6,7,2012-06-06,2011-06-08,7274.5,7494.0,8362.0
2012-06-08,7736,2012,6,8,2012-06-07,2011-06-09,7615.0,7736.0,8362.0
2012-06-09,7498,2012,6,9,2012-06-08,2011-06-10,7617.0,7736.0,8362.0
2012-06-10,6598,2012,6,10,2012-06-09,2011-06-11,7048.0,7736.0,8362.0
2012-06-11,6664,2012,6,11,2012-06-10,2011-06-12,6631.0,7498.0,8362.0
2012-06-12,4972,2012,6,12,2012-06-11,2011-06-13,5818.0,6664.0,8362.0
2012-06-13,7421,2012,6,13,2012-06-12,2011-06-14,6196.5,7421.0,8362.0
2012-06-14,7363,2012,6,14,2012-06-13,2011-06-15,7392.0,7421.0,8362.0
2012-06-15,7665,2012,6,15,2012-06-14,2011-06-16,7514.0,7665.0,8362.0
2012-06-16,7702,2012,6,16,2012-06-15,2011-06-17,7683.5,7702.0,8362.0
2012-06-17,6978,2012,6,17,2012-06-16,2011-06-18,7340.0,7702.0,8362.0
2012-06-18,5099,2012,6,18,2012-06-17,2011-06-19,6038.5,7702.0,8362.0
2012-06-19,6825,2012,6,19,2012-06-18,2011-06-20,5962.0,6978.0,8362.0
2012-06-20,6211,2012,6,20,2012-06-19,2011-06-21,6518.0,6825.0,8362.0
2012-06-21,5905,2012,6,21,2012-06-20,2011-06-22,6058.0,6825.0,8362.0
2012-06-22,5823,2012,6,22,2012-06-21,2011-06-23,5864.0,6211.0,8362.0
2012-06-23,7458,2012,6,23,2012-06-22,2011-06-24,6640.5,7458.0,8362.0
2012-06-24,6891,2012,6,24,2012-06-23,2011-06-25,7174.5,7458.0,8362.0
2012-06-25,6779,2012,6,25,2012-06-24,2011-06-26,6835.0,7458.0,8362.0
2012-06-26,7442,2012,6,26,2012-06-25,2011-06-27,7110.5,7442.0,8362.0
2012-06-27,7335,2012,6,27,2012-06-26,2011-06-28,7388.5,7442.0,8362.0
2012-06-28,6879,2012,6,28,2012-06-27,2011-06-29,7107.0,7442.0,8362.0
2012-06-29,5463,2012,6,29,2012-06-28,2011-06-30,6171.0,7335.0,8362.0
2012-06-30,5687,2012,6,30,2012-06-29,2011-07-01,5575.0,6879.0,8362.0
2012-07-01,5531,2012,7,1,2012-06-30,2011-07-02,5609.0,5687.0,8362.0
2012-07-02,6227,2012,7,2,2012-07-01,2011-07-03,5879.0,6227.0,8362.0
2012-07-03,6660,2012,7,3,2012-07-02,2011-07-04,6443.5,6660.0,8362.0
2012-07-04,7403,2012,7,4,2012-07-03,2011-07-05,7031.5,7403.0,8362.0
2012-07-05,6241,2012,7,5,2012-07-04,2011-07-06,6822.0,7403.0,8362.0
2012-07-06,6207,2012,7,6,2012-07-05,2011-07-07,6224.0,7403.0,8362.0
2012-07-07,4840,2012,7,7,2012-07-06,2011-07-08,5523.5,6241.0,8362.0
2012-07-08,4672,2012,7,8,2012-07-07,2011-07-09,4756.0,6207.0,8362.0
2012-07-09,6569,2012,7,9,2012-07-08,2011-07-10,5620.5,6569.0,8362.0
2012-07-10,6290,2012,7,10,2012-07-09,2011-07-11,6429.5,6569.0,8362.0
2012-07-11,7264,2012,7,11,2012-07-10,2011-07-12,6777.0,7264.0,8362.0
2012-07-12,7446,2012,7,12,2012-07-11,2011-07-13,7355.0,7446.0,8362.0
2012-07-13,7499,2012,7,13,2012-07-12,2011-07-14,7472.5,7499.0,8362.0
2012-07-14,6969,2012,7,14,2012-07-13,2011-07-15,7234.0,7499.0,8362.0
2012-07-15,6031,2012,7,15,2012-07-14,2011-07-16,6500.0,7499.0,8362.0
2012-07-16,6830,2012,7,16,2012-07-15,2011-07-17,6430.5,6969.0,8362.0
2012-07-17,6786,2012,7,17,2012-07-16,2011-07-18,6808.0,6830.0,8362.0
2012-07-18,5713,2012,7,18,2012-07-17,2011-07-19,6249.5,6830.0,8362.0
2012-07-19,6591,2012,7,19,2012-07-18,2011-07-20,6152.0,6786.0,8362.0
2012-07-20,5870,2012,7,20,2012-07-19,2011-07-21,6230.5,6591.0,8362.0
2012-07-21,4459,2012,7,21,2012-07-20,2011-07-22,5164.5,6591.0,8362.0
2012-07-22,7410,2012,7,22,2012-07-21,2011-07-23,5934.5,7410.0,8362.0
2012-07-23,6966,2012,7,23,2012-07-22,2011-07-24,7188.0,7410.0,8362.0
2012-07-24,7592,2012,7,24,2012-07-23,2011-07-25,7279.0,7592.0,8362.0
2012-07-25,8173,2012,7,25,2012-07-24,2011-07-26,7882.5,8173.0,8362.0
2012-07-26,6861,2012,7,26,2012-07-25,2011-07-27,7517.0,8173.0,8362.0
2012-07-27,6904,2012,7,27,2012-07-26,2011-07-28,6882.5,8173.0,8362.0
2012-07-28,6685,2012,7,28,2012-07-27,2011-07-29,6794.5,6904.0,8362.0
2012-07-29,6597,2012,7,29,2012-07-28,2011-07-30,6641.0,6904.0,8362.0
2012-07-30,7105,2012,7,30,2012-07-29,2011-07-31,6851.0,7105.0,8362.0
2012-07-31,7216,2012,7,31,2012-07-30,2011-08-01,7160.5,7216.0,8362.0
2012-08-01,7580,2012,8,1,2012-07-31,2011-08-02,7398.0,7580.0,8362.0
2012-08-02,7261,2012,8,2,2012-08-01,2011-08-03,7420.5,7580.0,8362.0
2012-08-03,7175,2012,8,3,2012-08-02,2011-08-04,7218.0,7580.0,8362.0
2012-08-04,6824,2012,8,4,2012-08-03,2011-08-05,6999.5,7261.0,8362.0
2012-08-05,5464,2012,8,5,2012-08-04,2011-08-06,6144.0,7175.0,8362.0
2012-08-06,7013,2012,8,6,2012-08-05,2011-08-07,6238.5,7013.0,8362.0
2012-08-07,7273,2012,8,7,2012-08-06,2011-08-08,7143.0,7273.0,8362.0
2012-08-08,7534,2012,8,8,2012-08-07,2011-08-09,7403.5,7534.0,8362.0
2012-08-09,7286,2012,8,9,2012-08-08,2011-08-10,7410.0,7534.0,8362.0
2012-08-10,5786,2012,8,10,2012-08-09,2011-08-11,6536.0,7534.0,8362.0
2012-08-11,6299,2012,8,11,2012-08-10,2011-08-12,6042.5,7286.0,8362.0
2012-08-12,6544,2012,8,12,2012-08-11,2011-08-13,6421.5,6544.0,8362.0
2012-08-13,6883,2012,8,13,2012-08-12,2011-08-14,6713.5,6883.0,8362.0
2012-08-14,6784,2012,8,14,2012-08-13,2011-08-15,6833.5,6883.0,8362.0
2012-08-15,7347,2012,8,15,2012-08-14,2011-08-16,7065.5,7347.0,8362.0
2012-08-16,7605,2012,8,16,2012-08-15,2011-08-17,7476.0,7605.0,8362.0
2012-08-17,7148,2012,8,17,2012-08-16,2011-08-18,7376.5,7605.0,8362.0
2012-08-18,7865,2012,8,18,2012-08-17,2011-08-19,7506.5,7865.0,8362.0
2012-08-19,4549,2012,8,19,2012-08-18,2011-08-20,6207.0,7865.0,8362.0
2012-08-20,6530,2012,8,20,2012-08-19,2011-08-21,5539.5,7865.0,8362.0
2012-08-21,7006,2012,8,21,2012-08-20,2011-08-22,6768.0,7006.0,8362.0
2012-08-22,7375,2012,8,22,2012-08-21,2011-08-23,7190.5,7375.0,8362.0
2012-08-23,7765,2012,8,23,2012-08-22,2011-08-24,7570.0,7765.0,8362.0
2012-08-24,7582,2012,8,24,2012-08-23,2011-08-25,7673.5,7765.0,8362.0
2012-08-25,6053,2012,8,25,2012-08-24,2011-08-26,6817.5,7765.0,8362.0
2012-08-26,5255,2012,8,26,2012-08-25,2011-08-27,5654.0,7582.0,8362.0
2012-08-27,6917,2012,8,27,2012-08-26,2011-08-28,6086.0,6917.0,8362.0
2012-08-28,7040,2012,8,28,2012-08-27,2011-08-29,6978.5,7040.0,8362.0
2012-08-29,7697,2012,8,29,2012-08-28,2011-08-30,7368.5,7697.0,8362.0
2012-08-30,7713,2012,8,30,2012-08-29,2011-08-31,7705.0,7713.0,8362.0
2012-08-31,7350,2012,8,31,2012-08-30,2011-09-01,7531.5,7713.0,8362.0
2012-09-01,6140,2012,9,1,2012-08-31,2011-09-02,6745.0,7713.0,8362.0
2012-09-02,5810,2012,9,2,2012-09-01,2011-09-03,5975.0,7350.0,8362.0
2012-09-03,6034,2012,9,3,2012-09-02,2011-09-04,5922.0,6140.0,8362.0
2012-09-04,6864,2012,9,4,2012-09-03,2011-09-05,6449.0,6864.0,8362.0
2012-09-05,7112,2012,9,5,2012-09-04,2011-09-06,6988.0,7112.0,8362.0
2012-09-06,6203,2012,9,6,2012-09-05,2011-09-07,6657.5,7112.0,8362.0
2012-09-07,7504,2012,9,7,2012-09-06,2011-09-08,6853.5,7504.0,8362.0
2012-09-08,5976,2012,9,8,2012-09-07,2011-09-09,6740.0,7504.0,8362.0
2012-09-09,8227,2012,9,9,2012-09-08,2011-09-10,7101.5,8227.0,8362.0
2012-09-10,7525,2012,9,10,2012-09-09,2011-09-11,7876.0,8227.0,8362.0
2012-09-11,7767,2012,9,11,2012-09-10,2011-09-12,7646.0,8227.0,8362.0
2012-09-12,7870,2012,9,12,2012-09-11,2011-09-13,7818.5,7870.0,8362.0
2012-09-13,7804,2012,9,13,2012-09-12,2011-09-14,7837.0,7870.0,8362.0
2012-09-14,8009,2012,9,14,2012-09-13,2011-09-15,7906.5,8009.0,8362.0
2012-09-15,8714,2012,9,15,2012-09-14,2011-09-16,8361.5,8714.0,8714.0
2012-09-16,7333,2012,9,16,2012-09-15,2011-09-17,8023.5,8714.0,8714.0
2012-09-17,6869,2012,9,17,2012-09-16,2011-09-18,7101.0,8714.0,8714.0
2012-09-18,4073,2012,9,18,2012-09-17,2011-09-19,5471.0,7333.0,8714.0
2012-09-19,7591,2012,9,19,2012-09-18,2011-09-20,5832.0,7591.0,8714.0
2012-09-20,7720,2012,9,20,2012-09-19,2011-09-21,7655.5,7720.0,8714.0
2012-09-21,8167,2012,9,21,2012-09-20,2011-09-22,7943.5,8167.0,8714.0
2012-09-22,8395,2012,9,22,2012-09-21,2011-09-23,8281.0,8395.0,8714.0
2012-09-23,7907,2012,9,23,2012-09-22,2011-09-24,8151.0,8395.0,8714.0
2012-09-24,7436,2012,9,24,2012-09-23,2011-09-25,7671.5,8395.0,8714.0
2012-09-25,7538,2012,9,25,2012-09-24,2011-09-26,7487.0,7907.0,8714.0
2012-09-26,7733,2012,9,26,2012-09-25,2011-09-27,7635.5,7733.0,8714.0
2012-09-27,7393,2012,9,27,2012-09-26,2011-09-28,7563.0,7733.0,8714.0
2012-09-28,7415,2012,9,28,2012-09-27,2011-09-29,7404.0,7733.0,8714.0
2012-09-29,8555,2012,9,29,2012-09-28,2011-09-30,7985.0,8555.0,8714.0
2012-09-30,6889,2012,9,30,2012-09-29,2011-10-01,7722.0,8555.0,8714.0
2012-10-01,6778,2012,10,1,2012-09-30,2011-10-02,6833.5,8555.0,8714.0
2012-10-02,4639,2012,10,2,2012-10-01,2011-10-03,5708.5,6889.0,8714.0
2012-10-03,7572,2012,10,3,2012-10-02,2011-10-04,6105.5,7572.0,8714.0
2012-10-04,7328,2012,10,4,2012-10-03,2011-10-05,7450.0,7572.0,8714.0
2012-10-05,8156,2012,10,5,2012-10-04,2011-10-06,7742.0,8156.0,8714.0
2012-10-06,7965,2012,10,6,2012-10-05,2011-10-07,8060.5,8156.0,8714.0
2012-10-07,3510,2012,10,7,2012-10-06,2011-10-08,5737.5,8156.0,8714.0
2012-10-08,5478,2012,10,8,2012-10-07,2011-10-09,4494.0,7965.0,8714.0
2012-10-09,6392,2012,10,9,2012-10-08,2011-10-10,5935.0,6392.0,8714.0
2012-10-10,7691,2012,10,10,2012-10-09,2011-10-11,7041.5,7691.0,8714.0
2012-10-11,7570,2012,10,11,2012-10-10,2011-10-12,7630.5,7691.0,8714.0
2012-10-12,7282,2012,10,12,2012-10-11,2011-10-13,7426.0,7691.0,8714.0
2012-10-13,7109,2012,10,13,2012-10-12,2011-10-14,7195.5,7570.0,8714.0
2012-10-14,6639,2012,10,14,2012-10-13,2011-10-15,6874.0,7282.0,8714.0
2012-10-15,5875,2012,10,15,2012-10-14,2011-10-16,6257.0,7109.0,8714.0
2012-10-16,7534,2012,10,16,2012-10-15,2011-10-17,6704.5,7534.0,8714.0
2012-10-17,7461,2012,10,17,2012-10-16,2011-10-18,7497.5,7534.0,8714.0
2012-10-18,7509,2012,10,18,2012-10-17,2011-10-19,7485.0,7534.0,8714.0
2012-10-19,5424,2012,10,19,2012-10-18,2011-10-20,6466.5,7509.0,8714.0
2012-10-20,8090,2012,10,20,2012-10-19,2011-10-21,6757.0,8090.0,8714.0
2012-10-21,6824,2012,10,21,2012-10-20,2011-10-22,7457.0,8090.0,8714.0
2012-10-22,7058,2012,10,22,2012-10-21,2011-10-23,6941.0,8090.0,8714.0
2012-10-23,7466,2012,10,23,2012-10-22,2011-10-24,7262.0,7466.0,8714.0
2012-10-24,7693,2012,10,24,2012-10-23,2011-10-25,7579.5,7693.0,8714.0
2012-10-25,7359,2012,10,25,2012-10-24,2011-10-26,7526.0,7693.0,8714.0
2012-10-26,7444,2012,10,26,2012-10-25,2011-10-27,7401.5,7693.0,8714.0
2012-10-27,7852,2012,10,27,2012-10-26,2011-10-28,7648.0,7852.0,8714.0
2012-10-28,4459,2012,10,28,2012-10-27,2011-10-29,6155.5,7852.0,8714.0
2012-10-29,22,2012,10,29,2012-10-28,2011-10-30,2240.5,7852.0,8714.0
2012-10-30,1096,2012,10,30,2012-10-29,2011-10-31,559.0,4459.0,8714.0
2012-10-31,5566,2012,10,31,2012-10-30,2011-11-01,3331.0,5566.0,8714.0
2012-11-01,5986,2012,11,1,2012-10-31,2011-11-02,5776.0,5986.0,8714.0
2012-11-02,5847,2012,11,2,2012-11-01,2011-11-03,5916.5,5986.0,8714.0
2012-11-03,5138,2012,11,3,2012-11-02,2011-11-04,5492.5,5986.0,8714.0
2012-11-04,5107,2012,11,4,2012-11-03,2011-11-05,5122.5,5847.0,8714.0
2012-11-05,5259,2012,11,5,2012-11-04,2011-11-06,5183.0,5259.0,8714.0
2012-11-06,5686,2012,11,6,2012-11-05,2011-11-07,5472.5,5686.0,8714.0
2012-11-07,5035,2012,11,7,2012-11-06,2011-11-08,5360.5,5686.0,8714.0
2012-11-08,5315,2012,11,8,2012-11-07,2011-11-09,5175.0,5686.0,8714.0
2012-11-09,5992,2012,11,9,2012-11-08,2011-11-10,5653.5,5992.0,8714.0
2012-11-10,6536,2012,11,10,2012-11-09,2011-11-11,6264.0,6536.0,8714.0
2012-11-11,6852,2012,11,11,2012-11-10,2011-11-12,6694.0,6852.0,8714.0
2012-11-12,6269,2012,11,12,2012-11-11,2011-11-13,6560.5,6852.0,8714.0
2012-11-13,4094,2012,11,13,2012-11-12,2011-11-14,5181.5,6852.0,8714.0
2012-11-14,5495,2012,11,14,2012-11-13,2011-11-15,4794.5,6269.0,8714.0
2012-11-15,5445,2012,11,15,2012-11-14,2011-11-16,5470.0,5495.0,8714.0
2012-11-16,5698,2012,11,16,2012-11-15,2011-11-17,5571.5,5698.0,8714.0
2012-11-17,5629,2012,11,17,2012-11-16,2011-11-18,5663.5,5698.0,8714.0
2012-11-18,4669,2012,11,18,2012-11-17,2011-11-19,5149.0,5698.0,8714.0
2012-11-19,5499,2012,11,19,2012-11-18,2011-11-20,5084.0,5629.0,8714.0
2012-11-20,5634,2012,11,20,2012-11-19,2011-11-21,5566.5,5634.0,8714.0
2012-11-21,5146,2012,11,21,2012-11-20,2011-11-22,5390.0,5634.0,8714.0
2012-11-22,2425,2012,11,22,2012-11-21,2011-11-23,3785.5,5634.0,8714.0
2012-11-23,3910,2012,11,23,2012-11-22,2011-11-24,3167.5,5146.0,8714.0
2012-11-24,2277,2012,11,24,2012-11-23,2011-11-25,3093.5,3910.0,8714.0
2012-11-25,2424,2012,11,25,2012-11-24,2011-11-26,2350.5,3910.0,8714.0
2012-11-26,5087,2012,11,26,2012-11-25,2011-11-27,3755.5,5087.0,8714.0
2012-11-27,3959,2012,11,27,2012-11-26,2011-11-28,4523.0,5087.0,8714.0
2012-11-28,5260,2012,11,28,2012-11-27,2011-11-29,4609.5,5260.0,8714.0
2012-11-29,5323,2012,11,29,2012-11-28,2011-11-30,5291.5,5323.0,8714.0
2012-11-30,5668,2012,11,30,2012-11-29,2011-12-01,5495.5,5668.0,8714.0
2012-12-01,5191,2012,12,1,2012-11-30,2011-12-02,5429.5,5668.0,8714.0
2012-12-02,4649,2012,12,2,2012-12-01,2011-12-03,4920.0,5668.0,8714.0
2012-12-03,6234,2012,12,3,2012-12-02,2011-12-04,5441.5,6234.0,8714.0
2012-12-04,6606,2012,12,4,2012-12-03,2011-12-05,6420.0,6606.0,8714.0
2012-12-05,5729,2012,12,5,2012-12-04,2011-12-06,6167.5,6606.0,8714.0
2012-12-06,5375,2012,12,6,2012-12-05,2011-12-07,5552.0,6606.0,8714.0
2012-12-07,5008,2012,12,7,2012-12-06,2011-12-08,5191.5,5729.0,8714.0
2012-12-08,5582,2012,12,8,2012-12-07,2011-12-09,5295.0,5582.0,8714.0
2012-12-09,3228,2012,12,9,2012-12-08,2011-12-10,4405.0,5582.0,8714.0
2012-12-10,5170,2012,12,10,2012-12-09,2011-12-11,4199.0,5582.0,8714.0
2012-12-11,5501,2012,12,11,2012-12-10,2011-12-12,5335.5,5501.0,8714.0
2012-12-12,5319,2012,12,12,2012-12-11,2011-12-13,5410.0,5501.0,8714.0
2012-12-13,5532,2012,12,13,2012-12-12,2011-12-14,5425.5,5532.0,8714.0
2012-12-14,5611,2012,12,14,2012-12-13,2011-12-15,5571.5,5611.0,8714.0
2012-12-15,5047,2012,12,15,2012-12-14,2011-12-16,5329.0,5611.0,8714.0
2012-12-16,3786,2012,12,16,2012-12-15,2011-12-17,4416.5,5611.0,8714.0
2012-12-17,4585,2012,12,17,2012-12-16,2011-12-18,4185.5,5047.0,8714.0
2012-12-18,5557,2012,12,18,2012-12-17,2011-12-19,5071.0,5557.0,8714.0
2012-12-19,5267,2012,12,19,2012-12-18,2011-12-20,5412.0,5557.0,8714.0
2012-12-20,4128,2012,12,20,2012-12-19,2011-12-21,4697.5,5557.0,8714.0
2012-12-21,3623,2012,12,21,2012-12-20,2011-12-22,3875.5,5267.0,8714.0
2012-12-22,1749,2012,12,22,2012-12-21,2011-12-23,2686.0,4128.0,8714.0
2012-12-23,1787,2012,12,23,2012-12-22,2011-12-24,1768.0,3623.0,8714.0
2012-12-24,920,2012,12,24,2012-12-23,2011-12-25,1353.5,1787.0,8714.0
2012-12-25,1013,2012,12,25,2012-12-24,2011-12-26,966.5,1787.0,8714.0
2012-12-26,441,2012,12,26,2012-12-25,2011-12-27,727.0,1013.0,8714.0
2012-12-27,2114,2012,12,27,2012-12-26,2011-12-28,1277.5,2114.0,8714.0
2012-12-28,3095,2012,12,28,2012-12-27,2011-12-29,2604.5,3095.0,8714.0
2012-12-29,1341,2012,12,29,2012-12-28,2011-12-30,2218.0,3095.0,8714.0
2012-12-30,1796,2012,12,30,2012-12-29,2011-12-31,1568.5,3095.0,8714.0
2012-12-31,2729,2012,12,31,2012-12-30,2012-01-01,2262.5,2729.0,8714.0
